{
  "timestamp": "2025-05-31T04:05:25.996990",
  "metrics": {
    "accuracy": {
      "values": [
        0.7966666666666666,
        0.7966666666666666,
        0.8233333333333334,
        0.7866666666666666,
        0.81,
        0.81
      ],
      "mean": 0.803888888888889,
      "confidence_interval": [
        0.7901761442111317,
        0.8176016335666463
      ]
    },
    "precision": {
      "values": [
        0.0,
        0.0,
        0.9,
        0.44,
        0.625,
        0.625
      ],
      "mean": 0.43166666666666664,
      "confidence_interval": [
        0.0484190546150558,
        0.8149142787182775
      ]
    },
    "recall": {
      "values": [
        0.0,
        0.0,
        0.14754098360655737,
        0.18032786885245902,
        0.16393442622950818,
        0.16393442622950818
      ],
      "mean": 0.1092896174863388,
      "confidence_interval": [
        0.01978542855233889,
        0.1987938064203387
      ]
    },
    "f1_score": {
      "values": [
        0.0,
        0.0,
        0.2535211267605634,
        0.2558139534883721,
        0.2597402597402597,
        0.2597402597402597
      ],
      "mean": 0.1714692666215758,
      "confidence_interval": [
        0.032061318874133105,
        0.3108772143690185
      ]
    }
  },
  "statistical_analysis": {
    "accuracy": {
      "vs_random_baseline": {
        "p_value": 3.1532742976039704e-08,
        "significant": true,
        "t_statistic": 56.96680541982042
      },
      "effect_size": 23.25660092582921
    },
    "precision": {
      "vs_random_baseline": {
        "p_value": 0.6659427339324004,
        "significant": false,
        "t_statistic": -0.45833664688690373
      },
      "effect_size": -0.18711515254851768
    },
    "recall": {
      "vs_random_baseline": {
        "p_value": 9.813571956973669e-05,
        "significant": true,
        "t_statistic": -11.221296167766408
      },
      "effect_size": -4.581074977279333
    },
    "f1_score": {
      "vs_random_baseline": {
        "p_value": 0.001768440186958664,
        "significant": true,
        "t_statistic": -6.057869363379578
      },
      "effect_size": -2.473114811453123
    }
  }
}