{
  "detection_accuracy": 0,
  "false_positive_rate": 0.0,
  "detection_time": 0,
  "recovery_time": 0,
  "health_states": {
    "avg_health": 97.76392006150648,
    "min_health": 82.13504159646193,
    "max_health": 100,
    "health_std": 3.1829836128967544,
    "healthy_percent": 99.66666666666667,
    "degraded_percent": 0.33333333333333337,
    "warning_percent": 0.0,
    "critical_percent": 0.0
  }
}