{
  "detection_accuracy": 0,
  "false_positive_rate": 0.0,
  "detection_time": 0,
  "recovery_time": 0,
  "health_states": {
    "avg_health": 98.09167853320443,
    "min_health": 84.42703750565373,
    "max_health": 100,
    "health_std": 2.7660254436199363,
    "healthy_percent": 99.97222222222221,
    "degraded_percent": 0.027777777777777776,
    "warning_percent": 0.0,
    "critical_percent": 0.0
  }
}